Product Name,URL
#10 Envelopes,https://www.uprinting.com/10-envelopes.html
#9 Envelopes,https://www.uprinting.com/9-envelopes.html
1-Color Gummed Paper Tape,https://www.uprinting.com/1-color-gummed-paper-tape.html
2 Pocket Folders,https://www.uprinting.com/2-pocket-folders.html
3D Domed Labels,https://www.uprinting.com/3d-domed-labels.html
6x9 Envelopes,https://www.uprinting.com/6x9-envelopes.html
9x12 Envelopes,https://www.uprinting.com/9x12-envelopes.html
A-Frame Replacement Signs,https://www.uprinting.com/a-frame-replacement-signs.html
A-Frame Signs,https://www.uprinting.com/a-frame-signs.html
A2 Envelopes,https://www.uprinting.com/a2-envelopes.html
A6 Envelopes,https://www.uprinting.com/a6-envelopes.html
A7 Envelopes,https://www.uprinting.com/a7-envelopes.html
A9 Envelopes,https://www.uprinting.com/a9-envelopes.html
Accordion Fold Brochure,https://www.uprinting.com/accordion-fold-brochure.html
Acrylic Prints,https://www.uprinting.com/acrylic-prints.html
Acrylic Signs,https://www.uprinting.com/acrylic-signs.html
Adidas Polo Shirts,https://www.uprinting.com/custom-polo-shirts/addidas-polo-shirts.html
Aluminum Composite Signs,https://www.uprinting.com/aluminum-signs.html
Aluminum Prints,https://www.uprinting.com/aluminum-prints.html
Angled Flag Banners,https://www.uprinting.com/angled-flag-banners.html
Apparel,https://www.uprinting.com/custom-apparel.html
Appointment Cards,https://www.uprinting.com/appointment-cards.html
Aprons,https://www.uprinting.com/custom-workwear/aprons.html
Arch Shape Stickers,https://www.uprinting.com/custom-labels.html?attr1=1723315&attr3=630739&attr4=323&attr5=326&attr6=355&attr10=630734&attr400=118944&attr1412=1723510&product_id=7&calc_variant=GRID
Auto-Lock Bottom Boxes,https://www.uprinting.com/auto-lock-bottom-boxes.html
Awesome X-Banner Stands,https://www.uprinting.com/awesome-x-banner-stands.html
BOPP Labels,https://www.uprinting.com/custom-labels.html?attr3=1405&attr4=1425&attr5=1428&attr6=1440&attr10=1381&attr17=1418&attr25=1413&attr27=1420&attr315=18971&product_id=33&calc_variant=GRID
BOPP Stickers,https://www.uprinting.com/custom-sticker-printing.html?attr1=1723311&attr3=15363&attr4=2384&attr5=2387&attr6=140229&attr10=67707&attr303=1723503&attr400=119070&product_id=55&calc_variant=GRID
Backdrops,https://www.uprinting.com/backdrops.html
Backing Cards,https://www.uprinting.com/backing-cards.html
Bag Toppers,https://www.uprinting.com/bag-toppers-header-cards.html
Bags & Totes,https://www.uprinting.com/custom-bags.html
Bakery Bags,https://www.uprinting.com/bakery-bags.html 
Bandage Dispensers,https://www.uprinting.com/custom-bandage-dispenser.html
Barcode Labels,https://www.uprinting.com/barcode-labels.html
Beanies,https://www.uprinting.com/custom-hats/beanies.html
Beverage Labels,https://www.uprinting.com/beverage-label-printing.html
Bi Fold Brochure,https://www.uprinting.com/bi-fold-brochure.html
Blank Sheet Labels,https://www.uprinting.com/blank-labels.html
Boat Lettering,https://www.uprinting.com/boat-lettering.html
Booklets,https://www.uprinting.com/booklet-printing.html
Bookmark Printing,https://www.uprinting.com/bookmarks.html
Bookmarks,https://www.uprinting.com/bookmark-printing.html
Bottle Labels,https://www.uprinting.com/beer-label-printing.html
Bottle Labels,https://www.uprinting.com/bottle-label-printing.html
Bottle Neck Hang Tags,https://www.uprinting.com/regular-bottleneck-hang-tag.html
Bows & Ribbons,https://www.uprinting.com/custom-ribbons-and-bows.html
Box Sleeves,https://www.uprinting.com/box-sleeves.html
Breakaway banners,https://www.uprinting.com/breakaway-banners.html
Brochure Maker,https://www.uprinting.com/brochure-maker.html
Brochures,https://www.uprinting.com/brochure-printing.html
Bubble Mailers,https://www.uprinting.com/custom-bubble-mailers.html
Bulk Booklets,https://www.uprinting.com/bulk-booklet-printing.html
Bulk Catalogs,https://www.uprinting.com/bulk-catalog-printing.html
Bulk Posters,https://www.uprinting.com/bulk-poster-printing.html
Bulk Stickers,https://www.uprinting.com/bulk-sticker-printing.html
Bumper Stickers,https://www.uprinting.com/bumper-sticker-printing.html
Business Card Design Ideas and Gallery,https://www.uprinting.com/business-cards-design-ideas.html
Business Card Magnets,https://www.uprinting.com/business-card-magnets-printing.html
Business Card for Artist,https://www.uprinting.com/business-cards-for-artists.html
Business Card for Cleaning Services,https://www.uprinting.com/business-cards-for-cleaning-services.html
Business Card for Clothing Brand,https://www.uprinting.com/business-cards-for-clothing-brands.html
Business Card for College Student,https://www.uprinting.com/business-cards-for-students.html
Business Card for Hairstylist,https://www.uprinting.com/business-cards-for-hairstylists.html
Business Card for Photographer,https://www.uprinting.com/business-cards-for-photographers.html
Business Card for Real Estate,https://www.uprinting.com/real-estate-business-cards-printing.html
Business Card for Travel,https://www.uprinting.com/business-cards-for-travel.html
Business Essentials,https://www.uprinting.com/business-essentials.html
Business Flyers,https://www.uprinting.com/business-flyers-printing.html
Business Labels,https://www.uprinting.com/business-label-printing.html
Business Stickers,https://www.uprinting.com/business-sticker-printing.html
Business and Store Signs,https://www.uprinting.com/business-signs.html
Calendars,https://www.uprinting.com/calendar-printing.html
Campaign & Political Stickers,https://www.uprinting.com/campaign-and-political-sticker-printing.html
Candle Boxes,https://www.uprinting.com/candle-boxes.html
Candle Labels,https://www.uprinting.com/candle-label-printing.html
Canning Labels,https://www.uprinting.com/canning-label-printing.html
Canvas Prints,https://www.uprinting.com/canvas-prints.html
Canvas Prints,https://www.uprinting.com/canvas-printing.html
Car Decals,https://www.uprinting.com/car-decals.html
Car Magnets,https://www.uprinting.com/car-magnets-printing.html
Car and Truck Lettering,https://www.uprinting.com/car-and-truck-lettering.html
Car and Vehicle Decals,https://www.uprinting.com/vehicle-decals-graphics.html
Carbonless Forms,https://www.uprinting.com/carbonless-form-printing.html
Card Calendars,https://www.uprinting.com/card-calendar-printing.html
Catalogs,https://www.uprinting.com/catalog-printing.html
Chalkboard A-Frame Signs,https://www.uprinting.com/chalkboard-a-frame-signs.html
Child-Resistant Flat Pouches,https://www.uprinting.com/child-resistant-flat-pouches.html
Child-Resistant Stand-Up Pouches,https://www.uprinting.com/child-resistant-stand-up-pouches.html
Church Banners,https://www.uprinting.com/church-banners.html
Church Postcards,https://www.uprinting.com/church-postcards.html
Circle Business Cards,https://www.uprinting.com/circle-business-cards.html
Circle Flyers,https://www.uprinting.com/circle-flyers.html
Circle Hang Tags,https://www.uprinting.com/circle-hang-tags.html
Clear Labels,https://www.uprinting.com/clear-label-printing.html
Clear Stickers,https://www.uprinting.com/clear-sticker-printing.html
Clothing Hang Tag Printing,https://www.uprinting.com/clothing-hang-tags.html
Club Flyers,https://www.uprinting.com/club-card-flyers.html
Coasters,https://www.uprinting.com/custom-coasters.html
Corporate Gifts and Promotional Giveaways,https://www.uprinting.com/corporate-gifts.html
Cosmetic Boxes,https://www.uprinting.com/cosmetic-boxes.html
Cosmetic Labels,https://www.uprinting.com/cosmetic-label.html
Cotton Caps,https://www.uprinting.com/custom-hats/cotton-caps.html
Counter Cards,https://www.uprinting.com/counter-cards.html
Crewneck Sweatshirts,https://www.uprinting.com/custom-sweatshirts/crewneck-sweatshirts.html
Custom Adidas Bags,https://www.uprinting.com/custom-adidas-bags.html
Custom Blankets,https://www.uprinting.com/custom-blankets.html
Custom Booklets,https://www.uprinting.com/custom-booklet-printing.html
Custom Carhartt Jackets,https://www.uprinting.com/custom-jackets/carhartt-jackets.html
Custom Carhartt Sweatshirts,https://www.uprinting.com/custom-sweatshirts/carhartt-sweatshirts.html
Custom Carhartt Workwear,https://www.uprinting.com/custom-workwear/carhartt-workwear.html
Custom Carhartt® T-Shirts,https://www.uprinting.com/custom-tshirts/carhartt-tshirts.html
Custom Champion Sweatshirts,https://www.uprinting.com/custom-sweatshirts/champion-sweatshirts.html
Custom Columbia Jackets,https://www.uprinting.com/custom-jackets/columbia-jackets.html
Custom Dickies Workwear,https://www.uprinting.com/custom-workwear/dickies-workwear.html
Custom Drinkware,https://www.uprinting.com/custom-drinkware.html
Custom Duffel Bags,https://www.uprinting.com/custom-duffel-bags.html
Custom Fleece Jackets,https://www.uprinting.com/custom-jackets/fleece-jackets.html
Custom Flyers,https://www.uprinting.com/custom-flyers.html
Custom Golf Balls,https://www.uprinting.com/golf-balls.html
Custom Hats,https://www.uprinting.com/custom-hats.html
Custom Insulated Jackets,https://www.uprinting.com/custom-jackets/insulated-jackets.html
Custom Jackets,https://www.uprinting.com/custom-jackets.html
Custom Keychains,https://www.uprinting.com/custom-keychains.html
Custom Labels,https://www.uprinting.com/custom-labels.html
Custom Long-Sleeve T-Shirts,https://www.uprinting.com/custom-tshirts/long-sleeve-tshirts.html
Custom Marmot Jackets,https://www.uprinting.com/custom-jackets/marmot-jackets.html
Custom Men’s Jackets,https://www.uprinting.com/custom-jackets/mens-jackets.html
Custom Messenger Bags,https://www.uprinting.com/custom-messenger-bags.html
Custom Metallic Labels,https://www.uprinting.com/metallic-labels.html
Custom New Era Hats,https://www.uprinting.com/custom-hats/new-era-hats.html
Custom Nike Golf Hats,https://www.uprinting.com/custom-hats/nike-golf-hats.html
Custom Nike Polo Shirts,https://www.uprinting.com/custom-polo-shirts/nike-polo-shirts.html
Custom Nike Sweatshirts,https://www.uprinting.com/custom-sweatshirts/nike-sweatshirts.html
Custom Nike T-Shirts,https://www.uprinting.com/custom-tshirts/nike-tshirts.html
Custom North Face Jackets,https://www.uprinting.com/custom-jackets/the-north-face-jackets.html
Custom Packing Tape,https://www.uprinting.com/custom-packing-tape.html
Custom Posters,https://www.uprinting.com/custom-posters.html
Custom Product Builder,https://www.uprinting.com/custom-printing.html
Custom Rack Cards,https://www.uprinting.com/rack-cards-printing.html
Custom Red Kap Workwear,https://www.uprinting.com/custom-workwear/red-kap-workwear.html
Custom School Boxes,https://www.uprinting.com/custom-school-boxes.html
Custom Short-Sleeve T-Shirts,https://www.uprinting.com/custom-tshirts/short-sleeve-tshirts.html
Custom Spyder Jackets,https://www.uprinting.com/custom-jackets/spyder-jackets.html
Custom Stickers,https://www.uprinting.com/custom-sticker-printing.html
Custom Tank Top Shirts,https://www.uprinting.com/custom-tshirts/tank-tops.html
Custom The North Face Bags,https://www.uprinting.com/custom-the-north-face-bags.html
Custom Timbuk2 Bags,https://www.uprinting.com/custom-timbuk2-bags.html
Custom Under Armour Hats,https://www.uprinting.com/custom-hats/under-armour-hats.html
Custom Under Armour Sweatshirts,https://www.uprinting.com/custom-sweatshirts/under-armour-sweatshirts.html
Custom Women’s Polo Shirts,https://www.uprinting.com/custom-polo-shirts/ladies-polo-shirts.html
Custom Work T-Shirts,https://www.uprinting.com/custom-tshirts/work-tshirts.html
Custom Workwear,https://www.uprinting.com/custom-workwear.html
DPI vs PPI: What Graphic Designers Should Know,https://www.uprinting.com/dpi-vs-ppi.html
DVD Covers,https://www.uprinting.com/dvd-cover-printing.html
DVD Inserts,https://www.uprinting.com/dvd-inserts-printing.html
DVD Packaging,https://www.uprinting.com/dvd-packaging.html
Deluxe Retractable Banners,https://www.uprinting.com/deluxe-retractable-banners.html
Deluxe Signicade® A-Frame Signs,https://www.uprinting.com/deluxe-signicade-a-frame-signs.html
Die Cut Postcards,https://www.uprinting.com/die-cut-postcards.html
Die-Cut Business Cards,https://www.uprinting.com/die-cut-business-cards-printing.html
Die-Cut Flyers,https://www.uprinting.com/die-cut-flyers.html
Die-Cut Hang Tags,https://www.uprinting.com/die-cut-hang-tags.html
Die-Cut Labels,https://www.uprinting.com/die-cut-labels.html
Die-Cut Sticker Singles,https://www.uprinting.com/sticker-singles.html
Die-Cut Stickers,https://www.uprinting.com/die-cut-stickers.html
Dine-In Menus,https://www.uprinting.com/dine-in-menu-printing.html
Discount Labels,https://www.uprinting.com/discount-label-printing.html
Dispenser Boxes,https://www.uprinting.com/dispenser-boxes.html
Domed 3D Stickers,https://www.uprinting.com/domed-3d-stickers.html
Door Hangers,https://www.uprinting.com/door-hanger.html
Double Gate Fold Brochure,https://www.uprinting.com/double-gate-fold-brochure.html
Double Parallel Fold Brochure,https://www.uprinting.com/double-parallel-fold-brochure.html
Dress Shirts,https://www.uprinting.com/custom-workwear/dress-shirts.html
Drinkware,https://www.uprinting.com/custom-drinkware-print.html
Dry Erase Adhesive Vinyl,https://www.uprinting.com/dry-erase-adhesive-vinyl.html
Dry Erase Magnetic,https://www.uprinting.com/dry-erase-magnetic-whiteboard.html
Dry Erase Poster Boards,https://www.uprinting.com/dry-erase-poster-boards.html
Dry Erase Signicade A-Frame,https://www.uprinting.com/dry-erase-signicade-a-frame.html
Dry Erase Whiteboard,https://www.uprinting.com/dry-erase-whiteboards.html
Dry Performance Polo Shirts,https://www.uprinting.com/custom-polo-shirts/dry-performance-polo-shirts.html
Dry Performance T-Shirts,https://www.uprinting.com/custom-tshirts/dry-performance-tshirts.html
EDDM Postcards,https://www.uprinting.com/every-door-direct-mail.html
Easter Backdrops,https://www.uprinting.com/easter-backdrops.html
Eddie Bauer Jackets,https://www.uprinting.com/custom-jackets/eddie-bauer-jackets.html
Envelope Labels,https://www.uprinting.com/envelope-labels.html
Envelope Seals,https://www.uprinting.com/envelope-seals.html
Envelopes,https://www.uprinting.com/envelope-printing.html
Essential Print Materials for Real Estate Promotions,https://www.uprinting.com/real-estate-print-marketing-materials.html
Event Banners,https://www.uprinting.com/event-banners.html
Event Postcards,https://www.uprinting.com/event-postcards.html
Event Tents,https://www.uprinting.com/event-tents.html
Event Tickets,https://www.uprinting.com/event-ticket-printing.html
Fabric Banners,https://www.uprinting.com/fabric-banner.html
Feather Flags,https://www.uprinting.com/feather-flags.html
Five Panel Hanging Boxes,https://www.uprinting.com/five-panel-hanging-boxes.html
Flat Greeting Cards,https://www.uprinting.com/flat-greeting-cards.html
Flat Invitations,https://www.uprinting.com/flat-invitation-printing.html
Flat Pouches,https://www.uprinting.com/custom-flat-pouches.html
Flat Thank You Cards,https://www.uprinting.com/flat-thank-you-cards.html
Fleet Lettering,https://www.uprinting.com/fleet-lettering.html
Floor Stickers,https://www.uprinting.com/floor-stickers.html
Flyers,https://www.uprinting.com/flyer-printing.html
Foam Boards,https://www.uprinting.com/foam-boards.html
Foil Bookmarks,https://www.uprinting.com/foil-bookmarks.html
Foil Business Cards,https://www.uprinting.com/foil-business-cards.html
Foil Flyers,https://www.uprinting.com/foil-flyers.html
Foil Hang Tags,https://www.uprinting.com/foil-hang-tags.html
Foil Invitations,https://www.uprinting.com/foil-invitations.html
Foil Labels,https://www.uprinting.com/foil-labels.html
Foil Postcards,https://www.uprinting.com/foil-postcards.html
Foil Stickers,https://www.uprinting.com/foil-stickers.html
Folded Business Cards,https://www.uprinting.com/folded-business-cards.html
Folded Greeting Cards,https://www.uprinting.com/folded-greeting-cards.html
Folded Hang Tags,https://www.uprinting.com/folded-hang-tags.html
Folded Invitations,https://www.uprinting.com/folded-invitation-printing.html
Folded Postcards,https://www.uprinting.com/folded-postcard-printing.html
Folded Thank You Cards,https://www.uprinting.com/folded-thank-you-cards.html
Folders,https://www.uprinting.com/pocket-folders.html
Folders,https://www.uprinting.com/folder-printing.html
Folding Cartons,https://www.uprinting.com/folding-carton-and-cardstock-packaging.html
Food & Beverage Packaging,https://www.uprinting.com/food-packaging.html
Food Labels,https://www.uprinting.com/food-label-printing.html
French Fold Brochure,https://www.uprinting.com/french-fold-brochure.html
Frosted Vinyl Lettering,https://www.uprinting.com/frosted-vinyl-lettering.html
Full Zip Sweatshirts,https://www.uprinting.com/custom-sweatshirts/full-zip-sweatshirts.html
Gate Fold Brochure,https://www.uprinting.com/gate-fold-brochure.html
Gift Bags,https://www.uprinting.com/custom-gift-bags.html
Gift Certificate Holders,https://www.uprinting.com/gift-certificate-holder.html
Gift Certificates,https://www.uprinting.com/gift-certificate-printing.html
Gift Tags,https://www.uprinting.com/gift-tag-printing.html
Glossy Flyers,https://www.uprinting.com/glossy-flyer-printing.html
Graduation Postcards,https://www.uprinting.com/graduation-postcards.html
Greeting Cards,https://www.uprinting.com/greeting-cards-printing.html
Half Circle Flyers,https://www.uprinting.com/half-circle-flyers.html
Half Circle Hang Tags,https://www.uprinting.com/half-circle-hang-tags.html
Half-Circle Business Cards,https://www.uprinting.com/half-circle-business-cards.html
Hang Tags,https://www.uprinting.com/hang-tags-printing.html
Hard Hat Stickers,https://www.uprinting.com/hard-hat-stickers.html
Hats,https://www.uprinting.com/custom-hats.html?ptid=42&page=1
Health & Beauty Labels,https://www.uprinting.com/health-and-beauty-label-printing.html
Health & Wellness,https://www.uprinting.com/health-and-wellness.html
Holiday and Christmas printing,https://www.uprinting.com/holiday.html
Holographic Labels,https://www.uprinting.com/holographic-labels.html
Holographic Stickers,https://www.uprinting.com/holographic-stickers.html
Honey Labels,https://www.uprinting.com/honey-labels.html
Hooded Sweatshirts,https://www.uprinting.com/custom-sweatshirts/hooded-sweatshirts.html
Indoor Banners,https://www.uprinting.com/indoor-banners.html
Industrial Workwear,https://www.uprinting.com/custom-workwear/industrial.html
Invitations,https://www.uprinting.com/invitation-printing.html
Jar Labels,https://www.uprinting.com/jar-label-printing.html
Jewelry Hang Tag Printing,https://www.uprinting.com/jewelry-hang-tags.html
Key Card Holder,https://www.uprinting.com/key-card-holder.html
Kids Labels,https://www.uprinting.com/kids-label-printing.html
Kids Stickers,https://www.uprinting.com/kids-sticker-printing.html
Kiss Cut Stickers,https://www.uprinting.com/kiss-cut-stickers.html
Kiss-Cut Labels,https://www.uprinting.com/kiss-cut-labels.html
Kraft Paper Stickers,https://www.uprinting.com/kraft-stickers.html
Label Sets,https://www.uprinting.com/label-sets.html
Ladies Jackets,https://www.uprinting.com/custom-jackets/ladies-jackets.html
Ladies Sweatshirts,https://www.uprinting.com/custom-sweatshirts/ladies-sweatshirts.html
Ladies T-Shirts,https://www.uprinting.com/custom-tshirts/ladies-tshirts.html
Large Format Posters,https://www.uprinting.com/large-format-posters-printing.html
Large Format Printing,https://www.uprinting.com/large-format-printing.html
Leaf Business Cards,https://www.uprinting.com/leaf-business-cards.html
Leaf Flyers,https://www.uprinting.com/leaf-flyers.html
Leaf Hang Tags,https://www.uprinting.com/leaf-hang-tags.html
Leaflets,https://www.uprinting.com/leaflet-printing.html
Letterhead,https://www.uprinting.com/letterhead-printing.html
Lip Balm Labels,https://www.uprinting.com/lip-balm-labels.html
Lip Gloss Labels,https://www.uprinting.com/lip-gloss-labels.html
Logo Stickers,https://www.uprinting.com/logo-stickers.html
Long Sleeve Polo Shirts,https://www.uprinting.com/custom-polo-shirts/long-sleeve-polo-shirts.html
Magazines,https://www.uprinting.com/magazine-printing.html
Magnetic Calendars,https://www.uprinting.com/magnetic-calendar-printing.html
Magnetic Gift Boxes,https://www.uprinting.com/magnetic-boxes.html
Magnets,https://www.uprinting.com/magnet-printing.html
Mailer Boxes,https://www.uprinting.com/mailer-boxes.html
Mailing Services,https://www.uprinting.com/mailing-service.html
Matte Flyers,https://www.uprinting.com/matte-flyer-printing.html
Medical Labels and Medical Stickers,https://www.uprinting.com/medical-labels-and-stickers.html
Mens Sweatshirts,https://www.uprinting.com/custom-sweatshirts/mens-sweatshirts.html
Menus,https://www.uprinting.com/menu-printing.html
Men’s Custom T-Shirtss,https://www.uprinting.com/custom-tshirts/mens-tshirts.html
Men’s Polo Shirts,https://www.uprinting.com/custom-polo-shirts/mens-polo-shirts.html
Merchandise Bags,https://www.uprinting.com/merchandise-bags.html
Mesh Banners,https://www.uprinting.com/mesh-banners.html
Metal Rod A-Frame Signs,https://www.uprinting.com/metal-rod-a-frame.html
Metal Sidewalk A-Frame Signs,https://www.uprinting.com/metal-sidewalk-a-frame-signs.html
Metallic Bookmarks,https://www.uprinting.com/metallic-bookmarks.html
Metallic Bottleneck Hang Tags,https://www.uprinting.com/metallic-bottle-neck-hang-tags.html
Metallic Flat Invitations,https://www.uprinting.com/metallic-flat-invitations.html
Metallic Flyers,https://www.uprinting.com/metallic-flyers.html
Metallic Folded Greeting Cards,https://www.uprinting.com/metallic-folded-greeting-cards.html
Metallic Hang Tags,https://www.uprinting.com/metallic-hang-tags.html
Metallic Labels,https://www.uprinting.com/custom-labels.html?attr3=1405&attr4=1425&attr5=1428&attr6=1440&attr10=1381&attr17=1418&attr25=15478&attr27=1420&attr315=18971&attr948=99591&product_id=33&calc_variant=GRID
Metallic Postcards,https://www.uprinting.com/metallic-postcard-printing.html
Metallic Print Business Cards,https://www.uprinting.com/metallic-business-cards.html
Metallic Rack Cards,https://www.uprinting.com/metallic-rack-cards.html
Metallic Sales Sheets,https://www.uprinting.com/metallic-sales-sheets.html
Metallic Save-the-Date Cards,https://www.uprinting.com/metallic-save-the-date-cards.html
Metallic Stickers,https://www.uprinting.com/cut-to-size-metallic-stickers.html?h1=Metallic+Silver+BOPP&image_id=16934
Metallic Stickers,https://www.uprinting.com/cut-to-size-metallic-stickers.html
Mini & Pocket Brochures,https://www.uprinting.com/mini-brochures.html
Mini Fold Menu,https://www.uprinting.com/mini-fold-menu.html
Mini Folders,https://www.uprinting.com/mini-folders.html
Mini Pocket Folders,https://www.uprinting.com/mini-pocket-folders.html
Mounted Posters,https://www.uprinting.com/mounted-poster-printing.html
Mugs,https://www.uprinting.com/mugs.html
NCR Forms,https://www.uprinting.com/ncr-form-printing.html
Name Labels,https://www.uprinting.com/name-label-printing.html
Name Tags,https://www.uprinting.com/name-tag-printing.html
Newsletters,https://www.uprinting.com/newsletter-printing.html
Note Cards,https://www.uprinting.com/note-cards.html
Notebooks,https://www.uprinting.com/custom-notebooks.html
Notebooks,https://www.uprinting.com/notebooks.html
Notepads,https://www.uprinting.com/notepad-printing.html
Notepads with Logo,https://www.uprinting.com/notepads-with-logo.html
Optimal Sizes & Formats for Real Estate Signs,https://www.uprinting.com/real-estate-sign-sizes.html
Outdoor Banners,https://www.uprinting.com/outdoor-banners.html
Outdoor Retractable Banners,https://www.uprinting.com/outdoor-retractable-banners.html
Outdoor Signs,https://www.uprinting.com/outdoor-signs.html
Outdoor X Banner Stands,https://www.uprinting.com/outdoor-x-banner-stand.html
Oval Business Cards,https://www.uprinting.com/oval-business-cards.html
Oval Flyers,https://www.uprinting.com/oval-flyers.html
Oval Hang Tags,https://www.uprinting.com/oval-hang-tags.html
Oval Labels,https://www.uprinting.com/oval-label-printing.html
Oval Shape Stickers,https://www.uprinting.com/oval-sticker-printing.html
Packaging Labels,https://www.uprinting.com/packaging-label-printing.html
Packaging Sleeves,https://www.uprinting.com/packaging-sleeves-printing.html
Packaging Supplies,https://www.uprinting.com/packaging-supplies.html
Packaging and Boxes,https://www.uprinting.com/packaging-printing.html
Packing Tape,https://www.uprinting.com/custom-packaging-tape.html
Painted Edge Business Cards,https://www.uprinting.com/painted-edge-business-cards.html
Pamphlets,https://www.uprinting.com/pamphlet-printing.html
Paper Bags,https://www.uprinting.com/custom-paper-bags.html
Paper Barrel Bags,https://www.uprinting.com/paper-barrel-bags.html
Paper Labels,https://www.uprinting.com/custom-labels.html?attr1=321&attr3=15362&attr4=323&attr5=326&attr6=355&attr10=67708&attr303=1723511&attr400=118944&product_id=7&calc_variant=GRID
Paper Stickers,https://www.uprinting.com/custom-sticker-printing.html?attr1=2383&attr3=15363&attr4=2384&attr5=2387&attr6=2417&attr10=67707&attr303=1723503&attr400=119070&product_id=55&calc_variant=GRID
Parking Signs,https://www.uprinting.com/parking-signs.html
Personalized Pens,https://www.uprinting.com/personalized-pens.html
Pharmacy Bags,https://www.uprinting.com/pharmacy-bags.html
Photo Canvas Prints,https://www.uprinting.com/photo-canvas-printing.html
Photo Cards,https://www.uprinting.com/photo-cards-printing.html
Photo Enlargement Printing,https://www.uprinting.com/photo-enlargements.html
Photo Prints,https://www.uprinting.com/photo-prints.html
Pillow Boxes,https://www.uprinting.com/pillow-boxes.html
Placemats,https://www.uprinting.com/placemats.html
Plastic Bags,https://www.uprinting.com/plastic-bags.html
Plastic Business Cards,https://www.uprinting.com/plastic-business-cards.html
Plastic Simpo A-Frame Signs,https://www.uprinting.com/plastic-simpo-a-frame.html
Pocket Menus,https://www.uprinting.com/pocket-menus.html
Pole Banners,https://www.uprinting.com/pole-banners.html
Political Campaign,https://www.uprinting.com/political-campaign-printing.html
Political Postcards,https://www.uprinting.com/political-postcards.html
Political Yard Signs,https://www.uprinting.com/political-yard-sign.html
Polos,https://www.uprinting.com/custom-polo-shirts.html
Poly Mailers,https://www.uprinting.com/poly-mailers.html
Poly Packing Tape,https://www.uprinting.com/poly-packing-tape.html
Pop-Up Displays,https://www.uprinting.com/pop-up-displays.html
Popular Custom Labels,https://www.uprinting.com/popular-custom-labels.html
Postcard Mailing,https://www.uprinting.com/postcard-mailing-services.html
Poster Calendars,https://www.uprinting.com/poster-calendar-printing.html
Poster Signs,https://www.uprinting.com/poster-signs-printing.html
Posters,https://www.uprinting.com/poster-printing.html
Print Buttons,https://www.uprinting.com/buttons.html
Printing 101: Articles and Resources,https://www.uprinting.com/printing-101.html
Product Boxes,https://www.uprinting.com/product-boxes.html
Product Labels,https://www.uprinting.com/product-label-printing.html
Product Packaging Inserts,https://www.uprinting.com/packaging-inserts.html
Promotional Backpacks,https://www.uprinting.com/promotional-backpacks.html
Promotional Products,https://www.uprinting.com/promotional-items.html
Promotional and Event Stickers,https://www.uprinting.com/promotional-and-event-sticker-printing.html
Property Signs,https://www.uprinting.com/property-signs.html
QR Code Stickers,https://www.uprinting.com/qr-code-stickers.html
Quarter Zip Sweatshirts,https://www.uprinting.com/custom-sweatshirts/quater-zip-sweatshirts.html
Quarter-Zip Jackets,https://www.uprinting.com/custom-jackets/quarter-zip-jackets.html
RSVP Cards,https://www.uprinting.com/rsvp-cards.html
Rack Cards,https://www.uprinting.com/custom-rack-cards.html
Raised Spot UV Business Cards,https://www.uprinting.com/raised-spot-uv-business-cards.html
Raised Spot UV Flyers,https://www.uprinting.com/raised-spot-uv-flyers.html
Raised Spot UV Postcards,https://www.uprinting.com/raised-spot-uv-postcards.html
Real Estate A-Frame Signs,https://www.uprinting.com/real-estate-a-frame-signs.html
Real Estate Banners,https://www.uprinting.com/real-estate-banners-and-signs.html
Real Estate Postcards,https://www.uprinting.com/real-estate-postcards.html
Real Estate Riders,https://www.uprinting.com/real-estate-riders.html
Real Estate Yard Signs,https://www.uprinting.com/real-estate-yard-signs.html
Rectangle Flags,https://www.uprinting.com/rectangle-flags.html
Rectangular Hang Tags,https://www.uprinting.com/rectangular-hang-tag-printing.html
Reflective Adhesive Vinyl Signs,https://www.uprinting.com/reflective-adhesive-vinyl.html
Refrigerator Magnets,https://www.uprinting.com/refrigerator-magnets.html
Restaurant Menus,https://www.uprinting.com/restaurant-menus.html
Restaurant Window Clings,https://www.uprinting.com/restaurant-window-cling-printing.html
Retail Boxes,https://www.uprinting.com/retail-boxes.html
Retail Hang Tags,https://www.uprinting.com/retail-hang-tag-printing.html
Retail Window Clings,https://www.uprinting.com/retail-window-cling-printing.html
Retractable Backdrop Stand,https://www.uprinting.com/retractable-backdrop.html
Retractable Banners,https://www.uprinting.com/retractable-banner-stands.html
Reverse Tuck End Boxes,https://www.uprinting.com/reverse-tuck-end-boxes.html
Rigid Mailers,https://www.uprinting.com/rigid-mailers.html
Rip Cards,https://www.uprinting.com/ripcards-printing.html
Roll Fold Brochure,https://www.uprinting.com/roll-fold-brochure.html
Roll Labels,https://www.uprinting.com/roll-labels.html
Rolled Canvas Prints,https://www.uprinting.com/rolled-canvas-printing.html
Round Circle Stickers,https://www.uprinting.com/round-sticker-printing.html
Round Labels,https://www.uprinting.com/round-label-printing.html
Rounded Corner Business Cards,https://www.uprinting.com/rounded-corner-business-cards.html
Rounded Corner Flyers,https://www.uprinting.com/rounded-corner-flyers.html
Rounded Corner Hang Tags,https://www.uprinting.com/rounded-corner-hang-tags.html
Rubber Stamps,https://www.uprinting.com/rubber-stamps.html
SOS Bags,https://www.uprinting.com/sos-bags.html
Safety Stickers,https://www.uprinting.com/safety-stickers.html
Safety Workwear,https://www.uprinting.com/custom-workwear/safety-workwear.html
Sale Sheet,https://www.uprinting.com/sales-sheets.html
Sales Sheets,https://www.uprinting.com/sales-sheet-printing.html
Salon Window Clings,https://www.uprinting.com/salon-window-cling-printing.html
Save The Date Cards,https://www.uprinting.com/save-the-date-card-printing.html
Save The Date Magnets,https://www.uprinting.com/save-the-date-magnet-printing.html
School Banners,https://www.uprinting.com/school-banners.html
Scrubs and Lab Coats,https://www.uprinting.com/custom-workwear/scrubs-and-lab-coats.html
Seal-End Boxes,https://www.uprinting.com/seal-end-boxes.html
Sealing Stickers,https://www.uprinting.com/sealing-stickers.html
Setup Boxes,https://www.uprinting.com/setup-boxes.html
Sheet Labels,https://www.uprinting.com/sheet-labels.html
Shipping And Mailing Labels,https://www.uprinting.com/shipping-and-mailing-label-printing.html
Shipping Boxes,https://www.uprinting.com/shipping-boxes.html
Shipping and Mailer Envelopes,https://www.uprinting.com/shipping-and-mailer-envelopes.html
Short Sleeve Polo Shirts,https://www.uprinting.com/custom-polo-shirts/short-sleeve-polo-shirts.html
Short-Run Booklets,https://www.uprinting.com/booklet-printing-short-run.html
Short-Run Catalogs,https://www.uprinting.com/short-run-catalog-printing.html
Shrink Sleeves,https://www.uprinting.com/shrink-sleeves.html
Signicade® A-Frame Signs,https://www.uprinting.com/signicade-a-frame-signs.html
Silk Bookmarks,https://www.uprinting.com/silk-bookmarks.html
Silk Business Cards,https://www.uprinting.com/silk-business-cards.html
Silk Flat Greeting Cards,https://www.uprinting.com/silk-flat-greeting-cards.html
Silk Flat Invitations,https://www.uprinting.com/silk-flat-invitations.html
Silk Flyers,https://www.uprinting.com/silk-flyers.html
Silk Greeting Cards,https://www.uprinting.com/silk-greeting-cards.html
Silk Hang Tags,https://www.uprinting.com/silk-hang-tags.html
Silk Postcards,https://www.uprinting.com/silk-postcards.html
Silk Presentation Folders,https://www.uprinting.com/silk-presentation-folders.html
Single Rounded Corner Business Cards,https://www.uprinting.com/single-rounded-corner-business-cards.html
Single Rounded Corner Hang Tags,https://www.uprinting.com/single-rounded-corner-hang-tags.html
Slim Business Cards,https://www.uprinting.com/slim-business-cards.html
Slim Rounded Corner Business Cards,https://www.uprinting.com/slim-rounded-corner-business-cards.html
Snap-Lock Bottom Boxes,https://www.uprinting.com/snap-lock-bottom-boxes.html
Soap Boxes,https://www.uprinting.com/soap-boxes.html
Soap Labels,https://www.uprinting.com/soap-label-printing.html
Soft-Shell Jackets,https://www.uprinting.com/custom-jackets/shoft-shell-jackets.html
Solid Aluminum Signs,https://www.uprinting.com/aluminum-signs.html?attr3=173395&attr4=173401&attr5=173412&attr6=173462&attr12=173403&attr303=173410&attr973=173398&product_id=3065
Sports Team Banners,https://www.uprinting.com/sports-team-banners.html
Spot UV Bookmarks,https://www.uprinting.com/spot-uv-bookmarks.html
Spot UV Business Cards,https://www.uprinting.com/spot-uv-business-cards.html
Spot UV Hang Tags,https://www.uprinting.com/spot-uv-hang-tags.html
Spot UV Header Cards,https://www.uprinting.com/spot-uv-header-cards.html
Spot UV Postcards,https://www.uprinting.com/spot-uv-postcards.html
Spot UV Rack Cards,https://www.uprinting.com/spot-uv-rack-cards.html
Spot UV Sales Sheets,https://www.uprinting.com/spot-uv-sales-sheets.html
Spot UV Table Tents,https://www.uprinting.com/spot-uv-table-tents.html
Square Business Cards,https://www.uprinting.com/square-business-cards.html
Square Rounded Corner Business Cards,https://www.uprinting.com/square-rounded-corner-business-cards.html
Square/Rectangle Stickers,https://www.uprinting.com/square-stickers-printing.html
Stand Up Pouches,https://www.uprinting.com/custom-stand-up-pouches.html
Standard Business Cards,https://www.uprinting.com/standard-business-card-printing.html
Standard Postcards,https://www.uprinting.com/standard-postcard-printing.html
Starburst Stickers,https://www.uprinting.com/custom-sticker-printing.html?h1=Starburst&image_id=16940&attr1=1723308&attr3=59498&attr4=2384&attr5=15569&attr6=140229&attr10=630726&attr400=119070&attr1381=1723313&product_id=55
Stationery Printing,https://www.uprinting.com/stationery-printing.html
Step and Repeat Banners,https://www.uprinting.com/step-and-repeat-banners.html
Sticker Banners,https://www.uprinting.com/stickers-banners.html
Sticker Sheets,https://www.uprinting.com/sticker-sheets.html
Stickers Design Ideas,https://www.uprinting.com/stickers-design-ideas.html
Stickers and Labels,https://www.uprinting.com/stickers-and-labels.html
Sticky Notepads,https://www.uprinting.com/sticky-notepads.html
Straight Tension Display,https://www.uprinting.com/straight-tension-display.html
Straight Tuck End Boxes,https://www.uprinting.com/straight-tuck-end-boxes.html
Stretch Table Covers,https://www.uprinting.com/stretch-table-covers.html
Stretched Canvas,https://www.uprinting.com/stretched-canvas-printing.html
Structured Hats,https://www.uprinting.com/custom-hats/structured-hats.html
Sweatpants,https://www.uprinting.com/custom-sweatshirts/sweatpants.html
Sweats,https://www.uprinting.com/custom-sweatshirts.html
T-Shirts,https://www.uprinting.com/custom-tshirts.html
Table Banners,https://www.uprinting.com/table-banners.html
Table Runners,https://www.uprinting.com/table-runners.html
Table Tents,https://www.uprinting.com/table-tent-printing.html
Tablecloths,https://www.uprinting.com/tablecloths.html
Take-out Bags,https://www.uprinting.com/take-out-bags.html
Take-out Menus,https://www.uprinting.com/take-out-menu-printing.html
Teardrop Flags,https://www.uprinting.com/teardrop-flags.html
Tension Fabric Banners,https://www.uprinting.com/tension-fabric-banner.html
Thank you Cards,https://www.uprinting.com/thank-you-cards.html
The Checklist for Your Wedding Printed Materials with Downloadable PDF,https://www.uprinting.com/wedding-checklist-for-printed-materials.html
Tile Stickers,https://www.uprinting.com/tile-stickers.html
Tissue Paper,https://www.uprinting.com/custom-tissue.html
Tote Bags,https://www.uprinting.com/tote-bags.html
Transfer Stickers,https://www.uprinting.com/transfer-stickers.html
Transparent Stickers,https://www.uprinting.com/transparent-stickers.html
Tri Fold Brochures,https://www.uprinting.com/tri-fold-brochure-printing.html
Tri Fold Flyers,https://www.uprinting.com/tri-fold-flyers.html
Trucker Hats,https://www.uprinting.com/custom-hats/trucker-hats.html
Under Armour Jackets,https://www.uprinting.com/custom-jackets/under-armour-jackets.html
Under Armour T-Shirts,https://www.uprinting.com/custom-tshirts/under-armour-tshirts.html
Under Armour® Polo Shirts,https://www.uprinting.com/custom-polo-shirts/under-armour-polo-shirts.html
Underappreciated Fonts From Design Experts,https://www.uprinting.com/underappreciated-fonts.html
Unstructured Hats,https://www.uprinting.com/custom-hats/unstructured-hats.html
Velvet Business Cards,https://www.uprinting.com/velvet-business-cards.html
Velvet Hang Tags,https://www.uprinting.com/velvet-hang-tags.html
Velvet Postcards,https://www.uprinting.com/velvet-postcards.html
Vest Jackets,https://www.uprinting.com/custom-jackets/vests.html
Vinyl Banners,https://www.uprinting.com/vinyl-banner.html
Vinyl Labels,https://www.uprinting.com/vinyl-label-printing.html
Vinyl Lettering,https://www.uprinting.com/vinyl-lettering.html
Vinyl Stickers,https://www.uprinting.com/vinyl-sticker-printing.html
Visors,https://www.uprinting.com/custom-hats/visors.html
Voting Stickers,https://www.uprinting.com/voting-stickers.html
Wall Art and Decor,https://www.uprinting.com/wall-art-and-decor.html
Wall Calendars,https://www.uprinting.com/wall-calendar-printing.html
Wall Decals,https://www.uprinting.com/wall-decal-printing.html
Wall Graphics,https://www.uprinting.com/wall-graphics.html
Wall Posters,https://www.uprinting.com/wall-posters.html
Wall Stickers,https://www.uprinting.com/wall-stickers.html
Warning Labels,https://www.uprinting.com/warning-label-printing.html
Warning Signs,https://www.uprinting.com/warning-and-safety-signs.html
Water Bottle Labels,https://www.uprinting.com/water-bottle-label-printing.html
Water Bottle Stickers,https://www.uprinting.com/water-bottle-stickers.html
Waterproof Labels,https://www.uprinting.com/waterproof-label-printing.html
Waterproof Stickers,https://www.uprinting.com/waterproof-stickers.html
Wedding Labels,https://www.uprinting.com/wedding-labels.html
Windbreakers,https://www.uprinting.com/custom-jackets/windbreakers.html
Window Clings,https://www.uprinting.com/window-cling.html
Window Decals,https://www.uprinting.com/window-decals.html
Window Stickers,https://www.uprinting.com/window-stickers.html
Wine Bags,https://www.uprinting.com/wine-bags.html
Wine Labels,https://www.uprinting.com/wine-label-printing.html
Wine Mailer Boxes,https://www.uprinting.com/wine-mailer-boxes.html
Wooden Signs,https://www.uprinting.com/wooden-signs.html
Work Jackets,https://www.uprinting.com/custom-jackets/work-jackets.html
Workwear Jackets,https://www.uprinting.com/custom-workwear/workwear-jackets.html
Wrapping Paper,https://www.uprinting.com/wrapping-paper.html
X Banner Stands,https://www.uprinting.com/x-banner-stands.html
Yard Signs,https://www.uprinting.com/yard-signs.html
"Yes, It’s Illegal to Put Flyers in Mailboxes (Here Are Other Ways to Distribute Them Legally)",https://www.uprinting.com/illegal-to-put-flyers-in-mailboxes.html
Z Fold Brochure,https://www.uprinting.com/z-fold-brochure.html
eCommerce,https://www.uprinting.com/ecommerce-shipping-and-packaging.html
